ID cliente,Edad en la red,Gasto total al mes,Gasto en SMS por SMS,Gasto de datos por SMS,Consumo  total de datos,Velocidad promedio carga,Velocidad promedio descarga,Llamadas únicas,Llamadas caídas,Duración promedio llamada,Duración promedio llamadas al mismo operador,Duración promedio llamadas a otros operadores,Gasto llamadas al mismo operador,Gasto llamadas otro operador,Llamas por quejas al mes,Tipo de red preferida,Competidor favorito,Cancelación suscripción
ADF1330,29.6,878.65,8.76,47.5,115805.208,5.756665168,18.28727988,237,5,157.5529825,315.4684563,96.53170227,16570,19751,4,Other,Weematel,0
ADF1331,4,878.72,294,6.25,696816.2705,8.864864355,21.64846779,77,9,150.0309037,236.2733595,200.7182196,2208,419,3,Other,Mango,0
ADF1345,126.97,898.49,15.75,0,464885.6963,7.36774582,24.86130673,308,5,223.5082801,261.079239,277.5532689,762,6850,1,Other,PQza,0
ADF1349,3.6,904.322,155.66,80,799300.8506,9.77639195,13.30646664,84,14,150.5737288,178.70428,124.2090175,27197,1790,6,Other,Uxaa,0
ADF1363,26.5,920.142,0,0,47665.3779,5.072835755,24.71780214,1582,3,188.4602792,203.7104462,152.8689837,0,2441,3,Other,Mango,0
ADF1372,114.57,929.8244,11.87,16.25,717.7168,4.488304432,22.36878528,477,6,240.0995035,257.4616435,162.4908763,11268,25698,5,Other,PQza,0
ADF1403,4.23,989.51,0,0,98.3516,7.032565459,10.78653066,183,10,135.3758806,186.2848207,205.7082204,66456,11772,1,Other,ToCall,0
ADF1404,103.27,989.52,1.2,12.5,1290513.913,3.543981369,10.21113813,557,9,121.5350411,233.5102178,105.7886045,0,901,2,Other,Weematel,1
ADF1410,87.17,998.09,11.96,2.5,1581541.407,6.400899111,12.6334552,554,7,283.497055,248.1613612,37.02069887,0,1251,1,Other,Uxaa,0
ADF1425,127.23,1042.04,10.5,76.25,326820.4102,4.662492112,24.98678968,393,8,86.42915338,202.0679686,249.2717568,16236,29519,1,Other,PQza,0
ADF1429,112.73,1046.328,6.71,0,312453.664,6.210009392,13.16767556,364,8,220.0316597,155.0463051,129.6923021,6387,1899,1,Other,PQza,1
ADF1431,36.73,1049.1904,28.71,3.75,905747.2099,4.169435248,24.01505245,781,9,198.3439082,163.290787,88.34770292,0,358,2,Other,Weematel,0
ADF1433,50,1053.0588,59.47,3.75,17.998,7.358072442,20.26779496,122,12,153.0128876,179.2887017,127.1516844,33867,21572,1,Other,Mango,0
ADF1438,5.03,1060.24,53.7,0,800027.0616,9.211478104,16.17666798,593,7,286.3422448,211.0469079,178.1324226,6804,5568,3,Other,PQza,0
ADF1439,49.73,1061.848,14.64,0,77210.292,6.542527896,16.95589726,430,5,340.9630219,153.3936555,176.9542167,6642,713,2,Other,PQza,1
ADF1445,35.1,1078.9224,2.39,0,8.873,2.78272878,11.38228145,1174,4,349.4702796,260.1186344,156.6853236,2274,648,1,Other,Uxaa,0
ADF1450,95.73,1083.5468,0.87,0,92037.4433,5.408831206,20.38727431,772,6,156.2078707,220.1889281,190.7436787,5315,7421,5,Other,Weematel,0
ADF1452,94.3,1091.89,1.23,28.75,1875860.98,3.727972306,23.86489269,507,4,118.5378722,324.1400686,165.843957,0,895,7,Other,Uxaa,0
ADF1453,77.07,1093.922,14.6,70,459247.2343,4.730773941,17.62423681,63,7,272.8219727,212.3058743,174.8995859,4651,3848,4,Other,Zintel,0
ADF1456,122.87,1102.0668,20.02,37.5,382804.5332,6.536469947,13.34858466,99,7,274.6130163,205.274603,182.3476046,16672,21512,2,Other,PQza,0
ADF1462,4,1113.8684,4.14,1.25,0.1211,9.148644475,13.88628287,111,4,139.508683,388.8629757,199.5431165,102948,2192,2,Other,ToCall,0
ADF1465,109.93,1125.91,166.88,13.75,39512.8291,3.497403753,13.09950063,255,4,276.1010296,184.3227939,215.4079925,24180,16174,4,Other,Zintel,0
ADF1477,41.23,1148.69,5.98,0,1970897.523,4.713672275,24.75187502,1021,11,148.16705,168.0915804,139.4883142,6692,9321,2,Other,ToCall,1
ADF1481,56.83,1160.7688,5.25,0,348.5996,5.451073507,13.72418088,823,5,163.6023584,235.4646995,153.0045311,0,8494,1,Other,Weematel,0
ADF1489,28.63,1175.9616,4.37,0,30024.7451,9.309903625,12.26077446,398,13,322.0921501,319.2431182,126.8627976,50899,8694,1,Other,Zintel,0
ADF1502,32.7,1208.6004,1.75,2.5,31.3535,2.915754898,12.34904589,883,10,177.5612106,153.7006769,174.2839178,18345,7434,1,Other,Uxaa,0
ADF1503,178.3,1213.5504,9.48,0,151202.7188,1.926818715,15.30700106,379,11,126.2188107,93.01773804,171.6514073,3227,23159,1,Other,Uxaa,0
ADF1521,49.57,1254.8604,90.32,0,4491.7324,9.995264531,15.39014948,921,12,242.9476104,200.1955007,186.3230399,1497,14184,5,Other,PQza,0
ADF1554,71.73,20.74,0,1.25,873602.5283,9.877073267,18.10845498,50,5,123.2428548,190.2163326,113.5865418,24,701,1,Other,Uxaa,0
ADF1559,67.97,31.222,1.75,12.5,6426577.061,2.491668819,15.74605346,11,6,162.6391224,266.8397808,245.2426528,186,1224,1,Other,Uxaa,0
ADF1560,19.6,32.524,11.95,11.25,1018.0488,2.24185689,12.84186621,4,9,217.5621786,245.4849025,172.945001,24,358,1,Other,Uxaa,0
ADF1561,94.87,33.634,14.34,0,4181.1016,6.276414362,13.43457981,5,7,125.9100789,180.7678524,214.9052623,12,1439,1,Other,ToCall,0
ADF1562,46.37,34.034,3.5,17.5,1579.3291,5.321291295,24.73961178,7,14,308.472362,242.3708363,112.4858643,251,179,1,Other,PQza,0
ADF1563,79.37,34.41,7.17,5,546.4785,7.144572204,23.44959734,12,7,121.0463517,214.79485,202.1513915,371,179,1,Other,Uxaa,0
ADF1564,61.67,39.28,18.48,0,10.749,6.702257862,19.3924098,4,10,321.8953028,258.4888435,336.9824191,490,920,1,Other,Uxaa,0
ADF1567,41.9,42.332,16.73,3.75,102.1729,4.187270158,16.29316067,22,9,120.4426305,226.2585895,189.4380373,228,546,1,Other,Uxaa,0
ADF1582,5.8,65.77,11.31,20,22041.8564,9.442239036,16.16819887,16,6,205.4630233,253.9243242,102.9178342,624,2219,1,Other,PQza,0
ADF1590,33.03,76.968,12.82,37.5,29.2568,3.860775123,21.94682255,70,9,75.94462322,324.5180144,172.6642389,1326,358,1,Other,Uxaa,0
ADF1596,4.63,86.28,7,0,90759.8047,9.638064291,11.79667011,12,8,283.7345641,249.7282981,210.3748871,720,1820,1,Other,ToCall,0
ADF1597,43.2,86.294,15.68,0,8911525.136,1.94736434,24.60157709,21,9,141.7866075,220.3698353,201.7668733,384,1185,1,Other,Zintel,0
ADF1598,11.33,86.696,20.87,21.25,390.208,7.600515674,18.29394538,9,6,306.4282944,138.4273859,196.2784069,24,2520,1,Other,Mango,0
ADF1601,120.77,87.954,21.51,3.75,182.4531,6.898558738,11.47754933,190,11,228.4189333,166.8838853,74.5990935,2220,904,6,Other,PQza,0
ADF1602,46.9,94.5084,0,25,1032.7432,8.713631223,17.69505742,155,6,267.9831703,99.81116273,140.0461381,2658,2318,1,Other,Mango,0
ADF1603,3.57,97.43,0,6.25,10.0518,8.165565671,11.59182868,9,8,206.6848428,163.9793641,194.0137539,8166,294,1,Other,Uxaa,0
ADF1604,116.23,98.894,1.8,21.25,31186.96,1.264874735,22.33161343,6,7,207.6887094,266.0093959,218.6869534,48,179,1,Other,PQza,1
ADF1606,110.63,102.698,23.9,6.25,245.5137,6.806268327,17.4006471,5,8,276.7178474,276.8718929,162.5382738,2904,358,1,Other,PQza,0
ADF1607,4.43,104.2524,9.3,2.5,11.0625,8.503340089,23.9281455,85,9,301.6577925,126.8640283,285.2899653,1206,984,1,Other,Weematel,0
ADF1614,12,115.7052,0,0,1639.8564,7.188467441,16.92300145,481,8,120.0996493,208.9983326,177.6781455,7932,1160,1,Other,Uxaa,0
ADF1615,67.3,118.134,6.12,21.25,1322753.892,9.123008925,18.74982512,38,8,182.1935139,132.4706959,161.3770047,1632,762,1,Other,ToCall,0
ADF1616,67.73,122.65,7.73,0,183047.1699,7.471165885,23.35538325,164,11,161.9833231,290.2745412,164.9733597,1800,5778,1,Other,Uxaa,0
ADF1617,30.53,125.0288,9.56,1.25,1.6064,4.550552644,10.44579082,49,6,14.47816622,287.5118273,190.0144672,1018,1721,6,Other,Uxaa,0
ADF1620,3.6,128.63,24.5,0,10011.918,8.595616765,17.63963337,11,9,331.6765483,316.7030851,164.782453,8292,1128,1,Other,Uxaa,0
ADF1623,0.07,130.578,94.85,1.25,2.1953,9.623102267,23.47012405,7,9,280.0420411,296.2801008,210.9032201,150,1121,1,Other,Uxaa,0
ADF1624,3.63,130.79,4.46,0,69972.8086,3.086701759,23.53332749,40,10,168.6793922,159.4031981,142.8527208,6655,5164,1,Other,Uxaa,0
ADF1625,4.1,132.018,5.25,0,0.5215,6.242858744,21.16005656,24,6,190.2141041,259.405265,98.92017684,5868,4356,1,Other,Uxaa,0
ADF1632,72.07,148.172,8.04,31.25,668938.834,6.392476463,19.71569515,15,6,213.1235079,285.0135901,239.0837469,84,6716,1,Other,Uxaa,1
ADF1634,34.33,151.37,3.5,1.25,1.7822,4.408140392,23.88041181,44,9,124.0225001,147.0516782,236.174837,10944,1475,1,Other,ToCall,0
ADF1635,4.5,153.738,1.75,6.25,4251.4922,3.654240322,11.96172326,16,6,172.412121,381.4840907,241.7363547,7512,2106,1,Other,Mango,0
ADF1638,12.3,159.754,16.73,8.75,4868.1738,8.168346395,24.88975153,12,10,126.1912579,383.6192237,211.6410054,636,2105,1,Other,Zintel,0
ADF1639,3.5,160.1804,0,0,62812.8721,8.904032876,20.53764981,25,5,184.1572366,78.21375847,248.1080493,3672,3668,1,Other,Uxaa,0
ADF1644,48.53,174.948,32.82,1.25,0.9395,8.480345832,14.15802773,51,7,222.0278534,82.74067654,205.0997133,954,7559,1,Other,Zintel,0
ADF1650,120.7,192.19,46.55,2.5,2185.9815,9.383222705,9.464268442,375,4,218.461756,270.5347905,174.0669695,4572,6382,1,Other,Uxaa,0
ADF1656,4.57,196.59,0,0,38424.5,7.945168531,21.7057788,40,12,202.6140143,221.8799683,47.44479086,14904,2098,1,Other,Mango,0
ADF1657,57.83,197.9088,16.09,21.25,707.959,5.06198811,13.99764084,26,9,217.4712661,246.8897091,109.0457363,3421,6793,1,Other,Weematel,0
ADF1663,5.83,223.198,18.54,38.75,42489.2178,9.415877219,9.960245691,42,9,275.6660592,170.1254564,112.680428,816,2659,1,Other,ToCall,0
ADF1668,14.63,629.7724,43.83,7.5,918.1826,9.93752394,13.95053749,62,11,146.0324283,69.95899297,167.1102467,1854,12533,1,Other,Uxaa,0
ADF1670,30.43,634.5116,21,5,46268.8594,8.975177053,19.75130482,160,3,283.4291663,252.5734353,210.7622412,10116,3247,1,Other,Uxaa,0
ADF1677,8.1,702.986,61.26,26.25,872.8867,5.790365355,11.0048654,88,13,238.6987106,221.9781066,165.6188589,8118,25689,3,Other,Zintel,0
ADF1678,7.7,705.6384,18.27,0,832.5762,3.88215099,22.86778036,367,11,100.8571531,163.9954178,163.6607484,10740,9398,1,Other,Uxaa,0
ADF1685,3.57,760.1084,439.25,0,112353.752,3.540331069,9.575866565,53,6,202.494194,235.976441,225.383691,21864,4005,1,Other,Weematel,0
ADF1695,82.17,805.2024,60.97,0,49.9209,9.810247595,14.70308166,112,10,111.7830128,144.2943545,179.5754755,13380,34401,1,Other,Uxaa,0
ADF1698,42.2,819.494,51.56,5,105176.2051,1.622917481,14.76402366,273,7,250.8254743,238.7616684,180.5222447,3294,38174,1,Other,ToCall,0
ADF1707,18.83,888.8744,19.04,1.25,179826.9209,5.61065095,15.33152969,478,4,266.2929819,182.6881763,182.2599484,1182,4768,1,Other,PQza,0
ADF1708,74.57,891.412,19.58,25,455796.5185,8.623943413,22.0351131,447,7,160.4789676,142.6493678,143.7660619,13581,10325,1,Other,ToCall,0
ADF1719,13.47,948.726,16.56,0,1686.7334,1.967232862,10.16131988,168,7,265.8525079,185.8495798,168.3398328,15219,9390,1,Other,Weematel,0
ADF1721,59.5,960.5568,35.25,353.75,487125.9462,6.845205022,21.46507295,73,6,263.8352861,99.6839217,131.8855631,2954,13313,1,Other,Uxaa,0
ADF1725,15.17,975.462,28.69,27.5,424396.3096,2.428805387,23.99400755,507,8,189.3217082,283.6446969,182.7373788,1368,27927,1,Other,PQza,0
ADF1726,54.33,978.498,16.73,2.48,633.0381,1.014476779,18.01656111,6,7,97.11537949,138.0008822,188.7600243,978,1121,4,Other,Uxaa,0
ADF1728,79.73,980.896,75.53,16.12,203520.3027,9.084402522,20.94294346,141,9,94.81675396,220.9253995,178.2942691,36930,16341,1,Other,ToCall,0
ADF1729,63.67,981.58,21.34,0,1209.3574,6.081754323,24.35376457,343,9,357.4209804,266.9383535,191.4405648,228,37844,1,Other,ToCall,0
ADF1734,6.4,1004.496,7.17,195,2120247.791,5.169727153,15.249185,148,6,353.8420168,287.1778675,193.5744453,6060,19572,1,Other,Zintel,0
ADF1736,8.53,1013.586,21.87,1.25,1.0273,7.618549272,16.77514562,601,9,102.7673282,150.7258146,175.6113577,11124,1915,1,Other,Uxaa,1
ADF1754,23.97,1126.4024,21.15,13.75,1227795.178,8.604238919,15.897822,331,7,200.1433347,188.5749655,136.8260218,4446,25348,1,Other,Mango,0
ADF1759,84.43,1197.1784,14.34,0,1158535.702,2.382931686,18.99358621,530,10,209.8684005,171.961001,185.9827513,0,4600,3,Other,Uxaa,0
ADF1760,8,1217.112,30.38,41.25,37986.0157,2.060615192,15.43616774,615,7,240.7721212,300.7430493,191.3391373,53058,9191,4,Other,Uxaa,0
ADF1762,121.43,1222.696,121.26,0,21807.3848,7.415474969,22.12251471,450,11,357.1859848,350.7418578,160.2310951,8940,37887,3,Other,ToCall,0
ADF1763,135.07,1227.2,0,153.75,2726.0742,8.318440376,16.13977294,133,13,272.6115849,60.89723398,135.1852752,32268,31825,3,Other,Mango,1
ADF1767,3.8,1255.0844,3.59,0,13.2812,5.114179683,10.58377809,656,5,122.0161756,193.8839337,189.8567774,88296,3388,1,Other,PQza,0
ADF1772,39.13,1300.94,2.35,27.5,1831580.459,8.474407627,11.07099754,334,12,273.9783589,187.436099,202.2188201,6420,33346,1,Other,PQza,0
ADF1773,12.2,1301.1488,24.46,0,266689.4639,5.067460598,14.95793062,1128,5,206.7599135,239.4199592,203.7973304,14670,32948,1,Other,PQza,0
ADF1774,9.37,1303.378,3.36,23.75,23869.7158,2.564978258,17.033975,452,5,186.7853204,156.0561394,153.6798212,42030,15659,6,Other,Uxaa,0
ADF1803,22.9,1541.4164,165.81,10,357186.3018,8.017387256,15.13306101,746,10,126.7147393,216.3109876,135.7296376,16110,12028,1,Other,Weematel,0
ADF1806,62.57,1632.5604,50.66,1.25,5.0371,5.377690594,24.18640589,325,12,266.6718511,227.823394,154.6132465,46484,38329,6,Other,PQza,0
ADF1811,153.03,1757.78,11.95,0,28045.9677,8.083159677,24.25718977,522,9,196.5521802,285.7849541,174.3947404,0,24013,3,Other,Weematel,0
ADF1815,25.5,1804.326,35.56,1.25,17363.8516,6.834577352,17.99922929,820,9,349.9089341,261.4421974,164.4730491,14601,52812,1,Other,PQza,0
ADF1817,12.3,1827.44,51.99,0,941.4883,1.43584047,10.10428275,1086,1,188.4975423,274.720234,134.2834858,11064,62435,1,Other,Zintel,0
ADF1821,3.43,1892.1272,78.69,116.25,158633.584,7.531397252,15.43112777,138,7,115.9406876,190.0273007,179.3417444,105468,5688,1,Other,Other,0
ADF1841,79.73,3170.14,5.25,41.25,8041.1484,3.98231792,22.50019116,353,8,153.6041045,269.9591424,199.4966121,54514,73881,1,Other,Other,0
ADF1848,19.8,5221.15,19.68,83.75,694552.8369,8.48308504,11.81590261,424,9,222.6732809,241.1241812,152.0973273,53605,81021,1,Other,ToCall,1
ADF1849,126.8,5426.89,0,0,54.8057,6.972435544,23.7948251,2596,9,183.6738376,279.5694914,175.8891992,0,14579,4,Other,Zintel,0
ADF1855,65.5,10042.3532,1.75,2.5,41.7314,3.609463554,18.64879932,1705,11,242.1826584,307.0579158,101.3599188,381174,431440,1,Other,Zintel,0
ADF1895,3.37,44.97,0.61,0,313266.3779,2.241088611,14.15034309,11,3,108.9876675,180.1760567,178.7427502,348,3466,1,Other,ToCall,0
ADF1896,12.4,68.748,19.12,2.48,51.8125,2.391301427,16.29050772,13,10,281.3398645,173.6704696,144.481126,358,3232,1,Other,Weematel,0
ADF1901,49.63,142.3388,9.56,0,517720.3789,4.475618708,19.82487487,69,4,103.9101518,201.6976006,268.1078238,813,6680,1,Other,Weematel,0
ADF1907,76.03,789.44,5.25,7.5,979067.5381,4.14715463,18.34766876,207,6,204.325638,255.3106982,96.80152659,22062,16827,1,Other,Weematel,0
ADF1913,65.47,1174.822,1.75,238.75,5272612.691,7.915291663,9.541184068,115,6,184.767957,209.5382537,160.6472791,4512,24678,1,Other,Weematel,0
ADF1955,4.53,208.056,24.5,0,2581.9473,6.887881464,21.58654594,58,3,193.8158328,258.8648664,146.1827999,8364,6883,1,Other,Zintel,0
ADF1959,75.07,535.63,1.75,7.5,1919857.372,8.075488602,18.87598587,131,8,102.0004109,224.053435,101.5476243,8820,23657,6,Other,ToCall,1
ADF1972,13.83,70.8648,9.56,0,3658.9395,6.087471039,24.13594562,10,12,303.7612715,208.1776543,9.949519663,1253,1121,1,Other,Zintel,0
ADF1975,11.87,89.378,16.73,8.75,1332.4814,9.669914105,17.59143498,4,5,215.6773253,245.0822858,160.724573,0,2607,1,Other,Zintel,0
ADF1978,3.57,128.51,5.98,22.5,47800.1602,4.062223648,19.06438559,17,12,142.5571092,286.3971387,132.2102955,120,6476,1,Other,Mango,0
ADF1979,3.57,139.136,0,20,1509481.9,1.905875684,13.96462547,8,8,352.4924454,198.0736558,243.5913987,0,2806,1,Other,Zintel,0
ADF1985,45.37,204.3128,28.05,2.5,1.1426,4.29247895,10.37537045,36,18,94.77613649,128.2638283,198.8457995,966,10314,3,Other,Weematel,0
ADF1995,5.37,1109.198,22.64,6.25,978.1816,7.684648049,21.75688208,385,7,169.1410592,243.970011,167.6044233,11700,67635,3,Other,Zintel,0
ADF0038,3.9,49.67,0,38.75,6941.0615,5.970061977,22.79050671,1,13,165.4915287,166.2424151,169.0324321,0,1092,3,3G,Mango,0
ADF0042,8.23,152.912,0.02,15,32417384.89,1.786001032,19.00861409,6,12,277.9221654,212.0393362,84.96859941,12,1145,6,3G,Mango,0
ADF0065,19.9,763.92,88.87,31.25,314353.6328,8.925760971,22.09377027,82,7,192.3849082,219.5498365,136.3941346,7155,21202,1,Other,Zintel,0
ADF0081,18.2,85.65,13.7,0,48.4814,3.432805015,13.38093265,17,9,254.2229482,334.0116171,149.4955652,420,5459,1,Other,ToCall,0
ADF0098,80,185.7184,17.86,22.5,2643.9883,8.691207187,23.1539997,18,9,295.3474684,108.6182747,237.0744926,24,6475,1,Other,Mango,0
ADF0101,45.47,225.4588,19.87,18.75,27652.7637,3.138638125,22.06823154,27,7,300.7628879,147.9239446,181.8749248,753,4734,4,Other,Mango,0
ADF0106,6.3,649.86,10.76,1.25,64,7.418283525,19.30685092,281,11,258.4008219,218.9504176,169.8543826,4530,45501,1,Other,Mango,0
ADF0127,62.57,1311.07,45.03,37.5,50528.8896,8.278622831,18.73633549,256,6,101.6187876,240.3213716,198.0383641,16572,60863,4,Other,Weematel,0
ADF0137,32.9,3847.5,155.75,280,370332.6133,5.484335187,12.68604274,544,10,129.6149954,162.1919381,267.7433434,52512,229965,1,Other,ToCall,0
ADF0256,42.13,28.704,0.62,7.5,12453173.39,6.025711098,16.22736758,8,4,179.4626053,199.2832098,177.8167447,0,1432,1,3G,PQza,0
ADF0262,6.43,113.7356,0,36.25,2970883.125,4.309131654,18.86560252,4,7,144.6725867,199.6767096,33.95501806,0,716,4,Other,PQza,1
ADF0267,41.2,145.33,0,32.5,2051331.76,5.79127453,24.31619503,4,7,215.3002039,205.2808367,90.83606672,0,716,1,3G,PQza,0
ADF0285,35.27,277.75,4.14,3.75,173652.1992,3.200807088,10.72137495,15,12,173.9111471,258.5813144,211.4859311,131,2337,4,Other,PQza,0
ADF0291,7.47,312.0668,8.75,97.5,1434072.182,3.273135258,21.82012488,16,8,229.9900362,290.8489298,165.1402267,1559,2749,1,Other,PQza,0
ADF0293,71,315.93,50.51,102.5,223510.1436,9.439444803,16.96040548,28,8,179.7398732,199.1419142,211.6302799,1422,6606,1,Other,PQza,0
ADF0297,13.73,333.99,1.23,153.75,4365315.423,9.084611927,16.9167913,5,7,161.9362158,235.9191531,156.7277274,0,908,1,Other,PQza,0
ADF0304,49.2,402.1204,0,121.25,1835788.702,3.170095164,11.00505326,4,5,238.3510311,172.1741715,223.6848903,0,716,1,Other,PQza,0
ADF0313,3.9,475.9704,81.37,0,4282439.772,2.197097045,22.62455617,28,12,116.6759152,218.1815177,188.2113235,1056,19584,1,3G,Weematel,1
ADF0317,3.63,487.4,3.5,45,52642.8291,4.616284635,17.57948089,33,5,112.1686563,286.0334421,143.1091959,120,0,1,3G,ToCall,1
ADF0320,3.4,526.86,26.25,1.25,1021022.577,8.990359343,19.36437671,38,10,218.8953976,49.56742686,199.8929281,348,5196,1,Other,Zintel,0
ADF0333,77.4,757.268,31.22,81.5,26109600.31,3.495944491,9.884456147,26,6,202.8999024,220.4770241,148.9053845,502,9249,1,Other,Weematel,0
ADF0339,32.43,1083.456,43.04,31.25,1885998.199,6.234578636,22.58751177,37,8,193.0988909,117.7886286,219.332207,2737,8796,1,Other,PQza,0
ADF0351,3.3,16.152,0,11.25,620062.2246,8.587831259,9.794570509,1,9,191.1979491,254.759941,145.6157727,0,179,1,Other,PQza,0
ADF0354,36.4,19.8604,11.31,1.25,64,6.732024081,9.705486882,2,7,121.5524173,252.3024681,152.4695889,216,179,1,Other,Uxaa,0
ADF0363,7.97,26.452,13.7,1.25,0.6953,1.601887447,16.62173878,5,10,78.36885934,183.7164463,97.92168785,12,827,1,Other,Uxaa,0
ADF0371,3.83,35.48,0,21.25,1079.5459,4.965120923,19.24623394,1,8,134.3593857,171.1325369,253.4103279,0,179,1,3G,PQza,0
ADF0377,3.83,41.01,0,18.75,8033337.324,9.542339493,12.28122386,10,7,87.48806893,268.3278725,186.1494349,0,1616,9,3G,PQza,1
ADF0391,11.47,43.87,21.51,0,106.6865,7.798720615,20.48200983,1,4,224.3962111,148.5719509,172.5049035,0,179,1,Other,PQza,0
ADF0409,122.5,56.3424,38.24,1.25,21.126,1.075261802,10.26854172,2,13,249.0177667,374.1774363,199.2059031,0,358,1,3G,PQza,0
ADF0410,3.27,56.37,0,25,2893799.543,9.092426072,14.14506835,5,7,60.98467085,144.5374079,216.5550119,780,537,1,3G,PQza,0
ADF0417,3.5,60.242,0,30,1000420.099,6.610202467,18.1953013,2,4,190.6136164,273.4063881,179.7962388,0,299,1,Other,PQza,0
ADF0420,23.93,60.4104,21.1,0,34.6455,2.04997673,14.21647591,14,5,123.9248123,155.6837014,188.1072873,3106,179,1,Other,PQza,0
ADF0421,44.33,60.5036,0.03,32.5,9527230.541,4.618454417,17.20253463,14,9,219.6173444,236.7155424,187.6271041,36,1876,1,Other,PQza,0
ADF0440,3.97,75.736,0.02,52.5,355209.9775,4.602512108,17.82324007,5,13,117.9334334,217.1029165,176.7369414,0,836,1,3G,Mango,1
ADF0442,42.57,76.3804,16.06,13.75,102332.8555,3.925580289,10.7501036,4,10,170.9692676,165.7931615,145.1175993,0,431,1,3G,PQza,0
ADF0444,38.2,78.702,18.48,20,2686.0938,2.604122504,22.65587372,6,11,264.322829,164.974878,139.5967382,0,830,1,Other,Weematel,0
ADF0446,3.47,80.12,0,0,1667697.537,4.252620691,20.40058375,11,10,318.1128028,230.1985104,216.3811674,0,1792,3,Other,Mango,0
ADF0447,16.83,81.302,11.95,1.25,21.3867,6.090936332,23.39842599,13,5,321.6987011,239.6381854,119.7839891,2725,1422,3,Other,Uxaa,0
ADF0451,5.33,89.22,23.9,0,1436.1211,8.911168985,23.99698924,29,8,265.3574285,153.5531146,100.8227201,36,1988,4,Other,Weematel,0
ADF0457,49.97,99.78,0,0,105437.749,4.187761151,13.12811622,8,6,107.4394166,281.1765458,184.187905,0,1432,1,3G,PQza,0
ADF0458,21.63,101.3784,9.56,22.5,14937.3486,9.036410944,21.93290756,14,11,194.8897227,286.1970901,56.72951818,0,3536,1,Other,PQza,0
ADF0460,3.73,103.1084,1.74,8.75,1262138.999,3.735877465,19.61007766,13,8,176.4798383,265.8029812,233.4506322,3624,3572,3,Other,PQza,0
ADF0475,48.1,128.17,4.78,15,636754.415,7.459057203,15.55410156,12,6,273.5863447,295.6157483,168.9607644,2124,1655,1,Other,Uxaa,0
ADF0480,27.97,136.776,25.01,57.5,13242.5566,6.349218722,19.48886281,1,8,208.5192696,207.4969818,208.7952238,0,179,4,Other,PQza,0
ADF0484,3.67,141.1888,40.27,0,1212.2646,3.6647089,18.52595225,22,12,274.5722715,197.6459654,190.2554295,348,3511,1,3G,Uxaa,0
ADF0488,41.07,145.33,0,32.5,2051331.76,8.581694994,24.46422746,4,7,320.4980523,257.4575418,141.9197842,0,716,1,3G,PQza,0
ADF0490,19.7,152.478,34.02,16.25,1106.2207,3.244695236,22.87888896,20,8,252.5762742,206.2241985,156.1288046,2749,2426,1,Other,PQza,0
ADF0491,92.43,152.81,3.5,18.75,79060.7529,6.387725766,16.25969201,16,4,265.7347301,166.6437305,130.9116133,1032,7718,3,Other,PQza,1
ADF0494,13.23,155.446,28.98,1.25,0.2344,1.66745939,14.16091936,31,8,150.8234475,258.4679193,89.17214742,3636,5202,1,Other,PQza,0
ADF0511,3.3,200.95,11.96,0,12104261.51,2.804379737,13.15535802,4,4,125.1344692,263.5478865,183.7866979,0,657,1,3G,PQza,0
ADF0513,11.6,202.0064,98.39,3.75,5577.5479,3.894084529,20.37498829,25,7,102.4263107,205.1155134,87.36418581,0,5224,3,Other,PQza,0
ADF0517,52.43,209.3916,47.58,30,88303.875,2.272481185,17.84188515,36,10,321.7972069,263.8755816,201.4021719,12,7199,1,Other,PQza,0
ADF0524,10.07,220.274,20.23,25,230911.1406,5.462371183,20.6393738,17,9,325.7616958,110.3389557,145.6549349,0,3283,1,Other,ToCall,0
ADF0525,128.33,225.0916,33.76,6.25,202.6494,8.011193047,15.93016355,51,11,185.7732232,203.0090475,213.789023,972,10362,3,Other,PQza,0
ADF0537,97.73,818.37,43.08,5,138.1816,1.462692783,10.41332965,111,10,153.6618752,201.7577321,62.03233515,19589,21117,3,3G,Other,0
ADF0539,6.4,845.9964,26.95,1.25,6248.2051,1.474579869,12.11655574,138,5,213.2563319,201.5211375,217.2043011,1986,26787,3,Other,Other,1
ADF0549,26.13,1137.2004,10.16,70,9725620.331,7.389808846,15.82252223,112,5,227.8403781,233.8801585,224.9545887,5716,34606,3,Other,PQza,0
ADF0561,4.87,1825.466,0.73,493.75,7293387.495,9.823104284,24.48257971,29,5,176.614601,336.1885347,67.27302267,0,5279,1,Other,PQza,0
ADF0580,3.97,144.042,75.26,3.75,32554.6211,5.153674714,15.88226473,5,8,281.3745462,235.6380222,166.2296512,120,588,1,Other,Uxaa,0
ADF0584,21.03,365.9408,131.69,43.75,3084.3545,2.295545534,24.01150372,33,5,257.8638376,267.4296562,183.4925138,36,7018,1,3G,ToCall,0
ADF0585,3.87,369.39,1.75,20,2447.8164,3.982943055,17.76383913,10,9,209.3713515,94.00655253,212.5664059,120,7079,1,3G,Uxaa,0
ADF0590,109.93,636.32,0,0,29623.6973,2.595848866,23.38228232,35,9,196.8386087,208.3454299,183.2205249,3936,7406,7,Other,Uxaa,1
ADF0596,5.03,1001.53,11.96,23.75,12126050.96,6.244595243,20.47792756,62,6,266.1583077,214.0766468,170.6192905,204,9770,1,Other,Zintel,0
ADF0597,46.63,1073.018,28.64,60,7174325.615,8.841921632,14.50689064,153,7,261.2336166,187.2175237,169.7903633,5176,48808,1,Other,ToCall,0
ADF0601,45.93,45.7048,9.56,3.75,7.7002,3.643452538,10.46597302,8,7,85.31204321,303.284501,210.1126321,0,1685,1,Other,ToCall,0
ADF0603,3.7,59.3204,11.97,0,6944.3086,7.635602939,13.78052336,15,9,215.8195838,168.9637391,206.2105157,564,2915,1,Other,Uxaa,0
ADF0607,6.6,70.528,26.52,0,222280.8135,1.742446356,11.02844853,37,11,247.2513222,246.8731635,182.2068561,240,3156,1,Other,Uxaa,0
ADF0621,22.07,186.4072,18.48,30,1752.0635,7.695843958,10.67455008,30,11,206.6177532,195.2535784,253.7217543,0,9188,1,Other,Zintel,0
ADF0622,4.93,189.1836,0,5,250.5811,6.562139303,24.79617019,58,9,196.1375405,311.1472823,121.8772527,420,4565,1,Other,ToCall,0
ADF1031,4.1,27.51,1.75,17.5,398.6514,7.337682203,15.37862439,5,5,266.3598686,229.5856601,174.8053642,348,478,1,3G,Uxaa,0
ADF1045,4.63,106.12,2.39,7.5,324231.1182,4.841966324,17.38944104,18,14,253.5180465,208.7552256,175.1855801,4188,2685,1,Other,Uxaa,0
ADF1046,45.13,108.8464,0,1.25,0.1172,6.140701285,17.88605154,41,6,119.5250562,167.1511233,127.0262291,498,1858,1,Other,Weematel,0
ADF1051,3.9,136.13,0,8.75,533977.6279,9.352034555,12.07576054,14,9,103.8332373,170.014184,247.5595465,6192,358,7,3G,Uxaa,0
ADF1060,3.73,170.8664,1.75,45,435072.4121,6.821377191,18.75077896,44,5,139.4524579,145.9978636,157.4919235,8184,3066,1,3G,ToCall,0
ADF1063,3.93,175.29,101.67,2.5,114262.0723,3.147569445,22.82684903,18,7,323.9276104,183.2859463,47.44953024,3588,1920,1,3G,Mango,0
ADF1079,4.63,227.862,2.95,42.5,1461620.516,3.378806952,10.12343666,17,11,247.334764,165.7753073,139.9602625,2568,1701,1,Other,Mango,0
ADF1088,3.8,272.67,57.75,22.5,24673.2725,8.842183208,15.15284244,60,10,121.0457619,343.7129648,136.8357108,3864,7401,1,3G,Zintel,0
ADF1095,3.83,298.578,0,5.27,2368606.361,6.955251065,22.68098058,14,7,380.859339,142.0681442,141.023465,847,228,3,3G,ToCall,0
ADF1096,7.43,300.938,0,73.75,59700.0996,9.37207333,23.21387291,14,3,249.2574672,249.9095423,184.6837564,834,1188,4,Other,Uxaa,0
ADF1105,102.97,342.046,93.24,16.25,117214.833,8.367666449,11.79010519,87,12,349.9284782,286.578397,153.2908229,9900,5456,2,Other,Mango,0
ADF1117,48.43,373.86,36.75,66.25,63943.9473,6.595101318,24.51373446,35,15,187.2464697,154.4173054,188.9218951,14628,4552,1,3G,ToCall,0
ADF1119,5.1,386.46,21.87,27.5,2885566.521,2.41297666,12.02635415,54,6,212.3575967,269.985755,24.14071206,7464,6753,1,Other,Uxaa,0
ADF1123,59.03,396.212,5.85,1.25,4.1377,2.069590268,21.95272927,50,8,84.87914763,136.1032662,117.552198,17497,2940,7,Other,Zintel,0
ADF1130,3.73,418.4264,0,95,2779944,7.803399066,23.99623398,43,8,179.9085087,135.4728826,122.1414989,672,3713,1,Other,Uxaa,0
ADF1131,54.23,418.932,7.59,12.5,80186.9229,5.269016445,16.99180283,97,10,105.8041004,193.6247513,113.454819,7246,3095,1,Other,PQza,0
ADF1137,27.13,427.56,16.48,2.5,12.8691,3.433070096,17.03448168,107,5,215.2577461,224.1754789,217.8919317,5370,7811,2,Other,ToCall,0
ADF1141,138.43,437.7,0,0,501447.1855,1.728620122,22.09844404,64,6,95.24325305,173.3907135,151.2208355,0,0,9,Other,Mango,1
ADF1142,42.27,439.628,5.25,113.75,28953422.55,3.220796054,12.24293831,43,10,119.389191,257.2674238,210.3376605,4453,4251,3,Other,PQza,0
ADF1147,50.83,457.97,0,12.5,569109.3477,1.999707565,11.66106983,132,10,175.2095422,172.978213,271.932288,0,179,2,Other,Zintel,0
ADF1148,4,458.0692,0,61.25,13718896.96,9.477612589,22.81904667,140,8,232.1041683,205.5164809,77.15871276,1476,2767,2,3G,Uxaa,0
ADF1156,3.47,470.66,0,0,118357.4561,7.723736147,11.20070009,109,9,91.58932617,142.2905624,221.6562166,0,895,2,Other,Weematel,0
ADF1161,126.5,477.948,7.87,43.75,204696.3447,2.802201112,10.34328972,96,9,67.38218347,292.8135239,167.5443708,9162,11129,8,Other,Weematel,0
ADF1163,3.67,478.43,50.75,0,262430.7578,1.292727327,11.71646296,137,4,203.243177,265.308602,195.6506866,0,14280,7,3G,Zintel,0
ADF1166,3.63,486.64,0,0,99298.3027,1.240462402,13.62342349,200,5,277.4230139,142.1238976,125.5242177,0,2484,2,3G,Other,0
ADF1171,106.4,494.73,2.35,27.5,2555.8096,6.126969274,16.88658232,87,9,189.7546048,373.6941309,193.3639263,15430,14389,2,Other,PQza,0
ADF1182,138.47,517.23,63.34,8.75,85047.6143,5.08654841,9.978677046,181,10,312.3179308,227.1077303,187.4380739,26352,7709,2,Other,Uxaa,0
ADF1183,3.87,517.79,0,40,4692574.159,7.396720402,16.82703198,53,9,160.312802,280.6019572,121.9164499,3408,2648,2,3G,Mango,0
ADF1193,3.37,529.9904,42,18.75,88869.6904,8.831701083,18.40319317,49,10,179.3061222,147.9836013,106.138202,792,1716,2,3G,Mango,1
ADF1205,4.63,554.5116,22.64,147.5,17472136.53,7.33584071,20.6144853,31,7,95.85958127,205.3705366,279.2880345,852,6541,3,Other,Zintel,0
ADF1206,92.07,555.804,16.22,1.86,647323.0293,4.171546978,13.13155762,197,6,218.8211074,371.8452957,231.3441916,4821,13725,2,Other,Uxaa,0
ADF1213,4.03,572.69,53.38,15,448454.5781,6.526910041,15.35640242,107,10,177.0832388,160.2538444,190.4960566,0,645,2,3G,Other,0
ADF1216,3.93,580.58,38.5,12.5,328089.8887,6.8956939,15.06053542,105,9,322.1882604,301.9211201,191.4306675,5352,2568,2,3G,PQza,0
ADF1223,117.37,602.83,21.87,3.75,121075.4375,3.149177052,9.578842051,180,10,183.4957067,188.3942494,185.3628113,8571,2008,2,Other,ToCall,0
ADF1231,161.53,616.95,3.5,0,53964.1377,1.803180658,9.802616931,560,10,194.7134281,102.0845939,159.5936151,1716,12965,2,Other,Uxaa,1
ADF1236,4.07,634.558,9.36,43.75,2599025.296,3.275980843,13.3633283,335,6,216.5036816,102.7999265,258.7028937,8340,4168,2,3G,Uxaa,0
ADF1238,22.73,638.0412,64.95,3.75,1966650.778,7.908261488,10.67249176,311,8,297.8865949,126.0057014,199.7180718,4458,3678,2,Other,ToCall,0
ADF1243,88.9,649.458,26,45,1767.665,8.377387288,18.75261683,400,7,360.5493197,298.8576355,132.3030572,7451,6932,5,Other,Uxaa,0
ADF1249,44.7,668.8748,36.41,0,213.0723,6.283191577,20.52107659,262,9,49.30718414,64.8266446,188.7717378,8316,13149,2,Other,Other,0
ADF1256,4.07,677.56,24.94,1.25,303483.6201,2.35328624,21.0446594,242,8,142.2115795,222.1050078,252.4178553,5544,5363,2,3G,Weematel,1
ADF1260,68.47,691.21,0,5,306773.4971,7.732736056,14.46593163,317,13,218.4349728,238.6571093,161.3600609,1356,14082,2,Other,Uxaa,0
ADF1263,40.3,699.21,0,0.62,2868393.475,1.062459893,24.12687946,60,9,47.64013155,287.0487583,192.4904148,13477,5879,2,Other,Other,0
ADF1265,3.6,707.7408,56.73,15,200597.3955,8.768591702,19.89992005,88,13,240.5553918,192.6092721,144.0472424,3936,3415,2,3G,Mango,0
ADF1270,4.2,718.68,0.01,10,80579.5869,4.393774998,24.47925041,179,12,226.5212067,147.3240525,208.8460007,7008,14016,2,3G,PQza,0
ADF1280,64.03,740.068,3.5,45,1540.4825,9.762315709,18.95203063,111,6,165.307488,216.9879537,171.3564871,23520,26018,2,Other,ToCall,0
ADF1286,4,780.2324,4.46,2.5,647824.2949,9.719548033,15.35619684,168,2,234.3230634,270.1229781,168.4437824,1656,26230,6,3G,Zintel,0
ADF1303,3.87,832.0504,145.25,26.25,1949698.94,7.165770199,11.41473497,127,13,143.2414052,196.0525024,121.4310545,1800,3094,2,3G,Zintel,0
ADF1311,4.23,840.952,59.85,21.25,465585.9326,5.310096509,15.36643898,190,13,345.1970122,299.861302,129.0274851,25272,2736,2,3G,Mango,0
ADF1321,75.73,875.4,0,0,1564279.613,4.051079351,10.43861981,712,11,224.1746084,245.9674452,137.9117963,0,0,2,Other,Mango,0
ADF1343,11.7,893.57,0.6,0,4149373.766,4.017919982,20.07009489,405,7,94.897459,214.037567,191.1167785,0,563,2,3G,ToCall,0
ADF1368,178.77,922.718,11.23,32.5,1838701.68,9.077613895,19.02342062,929,14,188.5059031,352.2569789,87.04543104,0,0,2,Other,Zintel,0
ADF1377,7.43,946.016,7,56.25,37142039.56,6.505701196,17.37201168,79,4,270.4691786,218.8896467,234.5995617,4734,9484,2,Other,Zintel,0
ADF1384,3.83,960.686,0,8.75,1349121.636,5.300869901,15.12837107,689,6,378.4582185,255.9597219,113.3302262,0,358,2,Other,Weematel,1
ADF1386,3.73,962.88,382.37,20,465265.4814,1.265842641,15.67619269,187,0,244.5195109,238.7326105,220.4290512,6132,755,2,3G,ToCall,0
ADF1390,139.67,967.0904,25.37,115,28293803.79,7.190031268,14.0820173,36,4,303.2464071,213.52497,245.8557346,1235,9209,2,Other,ToCall,0
ADF1391,5.07,968.45,0,0,1260824.879,4.583421152,24.33072531,369,11,166.0583127,197.7582146,190.9432677,2464,3349,2,Other,Uxaa,0
ADF1398,4.57,977.8632,28.65,50,214114.5029,5.646336242,13.22701408,127,5,83.20963064,252.0450577,127.921577,28515,13603,2,Other,Uxaa,0
ADF1400,64.33,981.19,27.12,11.25,240.8408,9.052761808,23.41886877,190,7,239.7676657,359.7226799,88.80600402,21484,15690,2,Other,Uxaa,0
ADF1401,98.87,985.41,15.75,41.25,2013456.623,5.870102744,22.89534552,174,8,160.46622,160.9824141,113.1275364,6478,29114,2,Other,Mango,0
ADF1426,4.43,1044.86,19.25,6.25,464449.6962,3.568579688,20.63024278,161,10,171.9823724,161.8106912,77.11859087,2748,2208,2,Other,ToCall,0
ADF1451,27.8,1091.16,0,2.5,353192.4229,8.632139087,10.08109529,680,8,199.5966032,325.1541466,156.5095285,306,14438,2,Other,Mango,0
ADF1454,28.53,1099.2964,2.95,2.5,117901.6543,1.998914109,17.90051799,288,8,217.7392953,286.648457,182.7473495,9288,13159,2,Other,Uxaa,0
ADF1467,137.7,1130.03,11.96,1.25,1759968.18,9.003635689,14.45202861,1002,8,200.5022767,141.671132,169.2321115,0,179,2,Other,Weematel,0
ADF1468,13.93,1132.1364,66.17,31.25,2477681.597,1.570370178,23.09386143,686,7,183.6786445,153.0594577,271.2530454,4176,26548,3,Other,Uxaa,0
ADF1472,23.53,1141.408,65.09,27.5,457845.25,6.798997809,22.41110671,105,6,145.367398,292.4447265,174.1028503,2262,5888,3,Other,Uxaa,0
ADF1483,4.2,1165.5608,873.98,3.75,26.582,9.673986373,9.205930822,39,6,180.2640765,296.3104762,197.2840337,17904,1101,3,3G,Uxaa,0
ADF1509,6.17,1227.49,12.25,46.25,837078.6035,9.465720732,16.46846198,339,12,261.5348475,52.0277954,146.4219932,21367,9036,1,Other,Weematel,0
ADF1512,39.77,1230.718,14,118.75,1051201.288,3.493144359,22.69296089,119,7,165.1155346,142.5987169,176.092948,17649,14766,6,Other,PQza,0
ADF1515,5.47,1244.8544,1.75,36.25,8571344.329,8.281541036,15.67132085,328,10,84.04461227,354.2361969,119.406381,7741,5151,3,Other,ToCall,0
ADF1520,4.5,1249.6436,7.01,45,79659.8047,6.222213536,16.07285123,445,11,155.7252681,211.2602756,163.6933536,2816,4601,3,Other,Uxaa,0
ADF1555,3.87,22.58,7,2.5,7.0996,8.392305982,12.89039369,1,7,121.5954838,182.029394,266.7207092,1308,0,3,3G,Uxaa,1
ADF1556,100.4,27.1576,2.35,0,10.6357,7.556085246,14.62306653,23,6,137.0435048,298.1662807,187.8512154,228,762,3,Other,Uxaa,0
ADF1572,18.13,50.816,9.56,1.25,56206.7686,6.585047679,13.32778379,13,3,147.8980554,252.4722474,149.5266469,108,790,3,Other,Weematel,0
ADF1579,105.7,63.0368,23.09,8.75,14.0781,5.369821142,24.59583198,4,4,226.2581357,273.2188067,154.6292845,477,586,3,Other,Uxaa,0
ADF1581,123.4,65.498,33.23,1.55,114.2627,6.760866642,20.5675723,6,6,260.6240456,226.1977551,142.9193947,895,0,3,Other,Uxaa,0
ADF1592,3.17,78.56,5.25,6.25,5200.3105,3.871600307,11.68868304,4,9,277.3739677,284.459401,162.62231,3048,299,3,Other,Uxaa,0
ADF1593,3.5,79.836,12.25,1.25,2005.1065,1.092096796,18.76399638,9,10,121.7277929,241.0843577,227.3555205,2904,2940,3,Other,Mango,0
ADF1612,52.9,114.9604,17.76,1.25,68.9609,7.907245174,21.13863501,369,6,211.922103,218.8918638,205.6310089,4584,623,3,Other,Uxaa,0
ADF1613,3.57,115.1564,42.01,0,122431.9521,3.502028496,10.65842305,21,9,226.4196294,225.9965694,136.2014097,3084,2735,3,3G,Uxaa,0
ADF1629,3.3,141.91,0,20,17733.4561,9.947106459,18.23460924,23,6,227.907962,213.3258256,181.8919826,4044,336,3,3G,Uxaa,0
ADF1631,32.47,146.438,22.85,17.5,900.5996,8.371087965,10.05743359,30,9,124.6888761,272.7802384,233.02919,918,2200,3,Other,PQza,0
ADF1641,3.6,170.8664,1.75,45,435072.4121,6.996012817,13.43526331,44,8,216.4087541,99.01867108,224.611384,8184,3066,3,3G,Uxaa,0
ADF1701,94.93,841.11,28.8,107.5,3094742.592,1.653697615,21.63071698,633,6,208.1097215,197.2170113,177.9715577,5004,9125,4,Other,PQza,1
ADF1705,61.4,867.432,43.07,22.5,66744.501,2.465493445,23.10531752,127,7,232.6369563,282.130654,123.3837327,15198,16289,4,Other,Mango,0
ADF1709,42.27,898.31,137.65,5,131.457,8.990426788,20.72002164,84,5,300.8693323,254.7024049,59.41340098,26304,27511,1,Other,PQza,0
ADF1723,49.67,968.9784,21.98,38.75,72254.877,7.724493839,21.37112739,130,7,177.3736849,256.4573996,169.678018,9538,40849,6,Other,Uxaa,0
ADF1735,21.93,1007.1192,26.1,3.75,63.0967,1.6305927,21.37188828,149,13,168.1210102,122.4531148,166.1461651,27397,37077,3,Other,Uxaa,0
ADF1739,154.63,1032.86,9.62,0,133045.291,9.818799315,20.69799248,159,7,269.8596317,232.611423,210.3259134,7493,5832,4,3G,ToCall,0
ADF1740,8.87,1033.3,28.17,23.75,267228.8955,8.402301471,17.08479298,136,11,65.83993798,292.7654231,158.1594349,18492,20333,4,3G,PQza,0
ADF1743,87.67,1082.948,13.15,1.25,256886.8711,8.945835608,19.66875206,576,6,140.733133,75.05085121,224.554559,3024,9907,4,Other,Mango,0
ADF1752,3.43,1122.6644,0,0,4893.3984,3.442146346,12.30676696,187,8,107.1194344,166.0607256,200.5762086,104508,2717,4,3G,PQza,0
ADF1764,3.87,1228.8328,75.25,106.25,8530512.186,3.999378508,21.49277199,108,12,186.4598493,167.9801368,202.2880679,17904,26092,4,3G,PQza,1
ADF1775,59.13,1303.78,39.33,7.5,8.1387,8.342660051,10.27446018,322,5,193.8193697,170.4601295,257.2054469,29595,68526,1,Other,Uxaa,0
ADF1780,135.47,1342.04,49.15,1.25,19366.5986,5.139761618,22.32664779,262,5,257.2026123,252.4630033,273.0427796,16662,42827,5,Other,PQza,1
ADF1823,138.3,2048.5,162.9,2.5,224761.9971,2.257037214,13.40939615,196,7,195.1019354,190.0881044,82.76050119,21042,65694,5,Other,ToCall,0
ADF1829,51,2232.41,40.05,87.5,1836078.495,8.088913596,18.22355195,421,5,198.36671,379.2252126,147.8413523,5400,47099,1,Other,ToCall,1
ADF1888,56.23,875.4,0,0,750989.0469,2.898070402,21.38669852,113,10,202.9504375,213.1517618,205.7028682,0,0,3,Other,Weematel,0
ADF1892,128.43,7466.5368,16.15,53.75,2912.3389,2.401888563,15.54467386,1406,11,275.2406241,152.6603677,150.9624917,158880,379475,1,Other,Zintel,0
ADF1906,42.53,683.2504,11.96,85,561798.5225,1.16483264,17.4633488,6,4,243.1476851,217.882773,156.1195398,0,1529,6,Other,Weematel,0
ADF1915,48.23,1256.51,13.06,36.25,1077175.15,1.338624066,24.63333501,340,8,207.4574538,204.6252517,199.2469286,48,60629,6,Other,Weematel,0
ADF1954,3.77,135.34,0,20,740.4785,6.625264688,12.88293188,19,2,293.8319716,209.605749,133.8951593,120,3024,5,3G,Mango,0
ADF1956,4.53,270.3344,6.58,2.5,7410.7529,8.380030328,12.62033873,62,9,149.7249768,116.2947841,143.0892221,9504,10820,7,Other,PQza,0
ADF1965,59.83,1024.846,111.99,10,493671.9863,2.366311505,13.79038693,149,11,113.7480673,152.1910618,213.3455044,18202,40730,8,Other,Mango,0
ADF1967,6.77,1143.4972,19.84,13.75,261.9307,8.3564727,13.34312988,284,10,270.1631021,239.2778773,158.9896514,360,81341,8,Other,Zintel,0
ADF1971,3.63,45.09,0,0,658162.2734,9.50895989,18.08955037,20,9,406.0694264,272.0654839,82.41472801,240,3611,8,3G,Uxaa,0
ADF1982,30.13,161.13,0,17.5,45187.7549,7.445007056,20.41284585,57,8,284.5600434,246.6755233,152.7534215,1728,10529,9,Other,ToCall,0
